"id","startTime","messageTime","matchState","sportType","name","type","parameters","status","mostBalancedLine","sgpEligable"
"35b86d28-2adf-3131-87b1-372abcb09dc0","2024-05-01T00:00:00Z","2024-05-02T04:10:24.358Z","ONGOING","GOLF","Tournament Winner","winner","[]","OPEN","False","False"
"3e1b4e32-54c7-3c79-a0da-543e03a05b48","2024-05-01T23:50:00Z","2024-05-02T04:08:40.808Z","ONGOING","GOLF","Hole 9 Syme, Connor vs. Smith, Jordan","hole-x-2-ball-1x2","['9', 'Syme, Connor', 'Smith, Jordan']","OPEN","True","False"
"778df447-cf0f-3006-ad78-442da92043e4","2024-05-01T23:50:00Z","2024-05-02T04:08:40.808Z","ONGOING","GOLF","Hole 9 Syme, Connor vs. Zhang, Lian-Wei","hole-x-2-ball-1x2","['9', 'Syme, Connor', 'Zhang, Lian-Wei']","OPEN","False","False"
"d7d6a355-6620-3aa5-a918-423f0f6a3165","2024-05-01T23:50:00Z","2024-05-02T04:08:40.808Z","ONGOING","GOLF","Hole 9 Zhang, Lian-Wei vs. Smith, Jordan","hole-x-2-ball-1x2","['9', 'Zhang, Lian-Wei', 'Smith, Jordan']","OPEN","False","False"
"24af0dac-9580-3b7e-b7bc-73596e1228aa","2024-05-01T23:50:00Z","2024-05-02T04:08:40.808Z","ONGOING","GOLF","Hole 9 Winner","hole-x-3-ball","['9']","OPEN","False","False"
"7cc208d3-4ab7-3f48-a5b7-99014d22c068","2024-05-02T01:40:00Z","2024-05-02T04:10:55.484Z","ONGOING","BASEBALL","Moneyline","standard","[]","OPEN","False","True"
"1c5077e2-c785-38ef-85ba-e0a222fad18a","2024-05-02T01:40:00Z","2024-05-02T04:10:55.484Z","ONGOING","BASEBALL","1st 9 Innings Winner (incl. Tie)","standard-3-way","[]","OPEN","False","False"
"a67976b3-4cd6-3059-9e68-35fb2c02cf07","2024-05-02T02:00:00Z","2024-05-02T04:09:50.903Z","ONGOING","ICE_HOCKEY","All Periods Over 1.5 ","all-sections-over-x","['1.5']","OPEN","False","False"
"103c9a99-5410-309f-9fe5-2a3dcbe37c82","2024-05-02T02:00:00Z","2024-05-02T04:09:50.903Z","ONGOING","ICE_HOCKEY","Kings Exact Goals","away-exact-goals-incl-overtime-and-penalties","['sr:exact_goals:3+']","OPEN","False","False"
"0f7ebe8f-18d7-3e5d-9c22-59eab3472f87","2024-05-02T02:00:00Z","2024-05-02T04:09:50.903Z","ONGOING","ICE_HOCKEY","Kings Highest Scoring Period","away-highest-scoring-section","[]","OPEN","False","False"
"aa32b37c-d1ba-3b68-a5a7-13de765ee056","2024-05-02T02:00:00Z","2024-05-02T04:09:50.903Z","ONGOING","ICE_HOCKEY","Kings To Score In All Periods","away-to-score-in-all-sections","[]","OPEN","False","False"
"5f8cd2f6-2f79-324c-89f9-c58ee4274cb1","2024-05-02T02:00:00Z","2024-05-02T04:09:50.903Z","ONGOING","ICE_HOCKEY","Kings To Win Any Period","away-to-win-any-section","[]","OPEN","False","False"
"efb30ed5-172e-3dd6-8080-6fc5bfa03f3c","2024-05-02T02:00:00Z","2024-05-02T04:09:50.903Z","ONGOING","ICE_HOCKEY","Kings Total Goals","away-total-incl-overtime-and-penalties","['2.5']","OPEN","True","False"
"ee9d1712-f55a-3d54-8509-6aaed445baf5","2024-05-02T02:00:00Z","2024-05-02T04:09:50.903Z","ONGOING","ICE_HOCKEY","Both Teams To Score & Winner","both-teams-to-score-1x2-incl-overtime-and-penalties","[]","OPEN","False","False"
"e87b14d5-6804-3563-b0be-5c2514fd611f","2024-05-02T02:00:00Z","2024-05-02T04:09:50.903Z","ONGOING","ICE_HOCKEY","Correct Score","correct-score-incl-overtime-and-penalties","[]","OPEN","False","False"
"0e9a893d-6ed9-3899-bd7b-d72c4369ac36","2024-05-02T02:00:00Z","2024-05-02T04:09:50.903Z","ONGOING","ICE_HOCKEY","Regulation Time Double Chance","double-chance","[]","OPEN","False","False"
"e8e91c68-32b8-36ab-82a0-6096299cb149","2024-05-02T02:00:00Z","2024-05-02T04:09:50.903Z","ONGOING","ICE_HOCKEY","Exact Goals","exact-goals-incl-overtime-and-penalties","['sr:exact_goals:9+_2']","OPEN","False","False"
"ebf6fbf6-3c06-38ba-9da2-1b7784c1de53","2024-05-02T02:00:00Z","2024-05-02T04:09:50.903Z","ONGOING","ICE_HOCKEY","Spread","handicap-incl-overtime-and-penalties","['0', '2.5']","OPEN","True","False"
"eda653f0-d935-3ad9-84bb-28e30dc83645","2024-05-02T02:00:00Z","2024-05-02T04:09:50.903Z","ONGOING","ICE_HOCKEY","Regulation Time Winner","head-to-head","[]","OPEN","True","False"
"932b0c4c-4dbd-30ed-a769-2333ffb28ce6","2024-05-02T02:00:00Z","2024-05-02T04:09:50.903Z","ONGOING","ICE_HOCKEY","Highest Scoring Period (incl. Tie)","highest-scoring-section","[]","OPEN","False","False"
"585465ce-a3cc-3260-a407-7a1a5ae05cf4","2024-05-02T02:00:00Z","2024-05-02T04:09:50.903Z","ONGOING","ICE_HOCKEY","Oilers Highest Scoring Period","home-highest-scoring-section","[]","OPEN","False","False"
"deb279f5-71d3-3e51-8bec-02cc352ba4cb","2024-05-02T02:00:00Z","2024-05-02T04:09:50.903Z","ONGOING","ICE_HOCKEY","Oilers To Score In All Periods","home-to-score-in-all-sections","[]","OPEN","False","False"
"5fe11bae-625c-3016-ac6c-1842a5d0d87a","2024-05-02T02:00:00Z","2024-05-02T04:09:50.903Z","ONGOING","ICE_HOCKEY","Oilers Total Goals","home-total-incl-overtime-and-penalties","['5.5']","OPEN","True","False"
"fd43bdd3-cc89-3013-aa32-2f5929915728","2024-05-02T02:00:00Z","2024-05-02T04:09:50.903Z","ONGOING","ICE_HOCKEY","Team to Score 7th Goal (Regulation Time)","next-point","['7']","OPEN","True","False"
"903f29e2-e945-3add-9108-f8a8073c9c0e","2024-05-02T02:00:00Z","2024-05-02T04:09:50.903Z","ONGOING","ICE_HOCKEY","Regulation Time Total Goals","points-more-less-than","['8.5']","OPEN","True","False"
"eba9d1d8-b8f7-36c6-8c98-d30de4926d94","2024-05-02T02:00:00Z","2024-05-02T04:09:50.903Z","ONGOING","ICE_HOCKEY","Regulation Time Winner (3 Way) No Push","standard","[]","OPEN","True","False"
"f44c942f-d213-3b69-a265-78de0a2abd77","2024-05-02T02:00:00Z","2024-05-02T04:09:50.903Z","ONGOING","ICE_HOCKEY","Moneyline","standard-full","[]","OPEN","True","False"
"4af0a213-8df8-3ea8-9ce2-d556c1d48f6c","2024-05-02T02:00:00Z","2024-05-02T04:09:50.903Z","ONGOING","ICE_HOCKEY","Oilers Total Goals (Regulation Time)","team-points-more-less","['1', '5.5']","OPEN","True","False"
"82bddd42-b18a-3499-b376-b638e42ceea2","2024-05-02T02:00:00Z","2024-05-02T04:09:50.903Z","ONGOING","ICE_HOCKEY","Kings Total Goals (Regulation Time)","team-points-more-less","['2', '2.5']","OPEN","True","False"
"1ce311a5-9a3a-3947-8201-b05cffc6d089","2024-05-02T02:00:00Z","2024-05-02T04:09:50.903Z","ONGOING","ICE_HOCKEY","Total Goals","total-incl-overtime-and-penalties","['8.5']","OPEN","True","False"
"a864b7d5-9db6-3ef0-a1a6-bcc06d692b01","2024-05-02T02:00:00Z","2024-05-02T04:09:50.903Z","ONGOING","ICE_HOCKEY","Regulation Time Winner (3 Way) No Push & Total Goals","totals-team-wins","['3.5']","OPEN","False","False"
"cc6c9bb1-1cf1-3b62-8bed-0dcd4a9fb6c6","2024-05-02T02:00:00Z","2024-05-02T04:09:50.903Z","ONGOING","ICE_HOCKEY","Regulation Time Winner (3 Way) No Push & Total Goals","totals-team-wins","['5.5']","OPEN","False","False"
"c339080a-9d81-3b08-8e67-8098e915cb2a","2024-05-02T02:00:00Z","2024-05-02T04:09:50.903Z","ONGOING","ICE_HOCKEY","Regulation Time Winner (3 Way) No Push & Total Goals","totals-team-wins","['7.5']","OPEN","False","False"
"2433ab6b-5221-36fa-accc-f7be7fc7011e","2024-05-02T02:00:00Z","2024-05-02T04:09:50.903Z","ONGOING","ICE_HOCKEY","Winning Margin","winning-margin-include-overtime-and-penalties","[]","OPEN","False","False"
"7b5d0cb5-3e2c-369c-98fe-633affd360da","2024-05-02T02:00:00Z","2024-05-02T04:09:50.903Z","ONGOING","ICE_HOCKEY","7th Goal ","xth-goal-incl-overtime-and-penalties","['7']","OPEN","True","False"
"5de49bd2-f007-32c3-88a5-ef48291635bb","2024-05-02T02:00:00Z","2024-05-02T04:09:50.903Z","ONGOING","ICE_HOCKEY","3rd Period Kings To Record A Shutout","xth-section-away-clean-sheet","['3']","OPEN","False","False"
"4981497e-f000-3ab2-bca7-bbb21c75fdf4","2024-05-02T02:00:00Z","2024-05-02T04:09:50.903Z","ONGOING","ICE_HOCKEY","3rd Period Kings Exact Goals","xth-section-away-exact-goals","['3', 'sr:exact_goals:3+']","OPEN","True","False"
"6c343ecf-cfcd-3589-8b3e-f569ce032020","2024-05-02T02:00:00Z","2024-05-02T04:09:50.903Z","ONGOING","ICE_HOCKEY","3rd Period Kings Total Goals","xth-section-away-total","['3', '0.5']","OPEN","True","False"
"47a972ff-14ce-3d35-9c0e-120b4e082123","2024-05-02T02:00:00Z","2024-05-02T04:09:50.903Z","ONGOING","ICE_HOCKEY","3rd Period Both Teams To Score","xth-section-both-teams-to-score","['3']","OPEN","False","False"
"0ff60070-326d-394f-9ffa-8405b376fbc3","2024-05-02T02:00:00Z","2024-05-02T04:09:50.903Z","ONGOING","ICE_HOCKEY","3rd Period Correct Score","xth-section-correct-score","['3']","OPEN","False","False"
"562ae248-3e57-30a9-a650-bfd40b936073","2024-05-02T02:00:00Z","2024-05-02T04:09:50.903Z","ONGOING","ICE_HOCKEY","3rd Period Double Chance","xth-section-double-chance","['3']","OPEN","False","False"
"76f03ac7-cac9-34d7-a192-a86594f100d9","2024-05-02T02:00:00Z","2024-05-02T04:09:50.903Z","ONGOING","ICE_HOCKEY","3rd Period Winner","xth-section-draw-no-bet","['3']","OPEN","True","False"
"302dfd18-9dff-36df-8bbf-0d983b893807","2024-05-02T02:00:00Z","2024-05-02T04:09:50.903Z","ONGOING","ICE_HOCKEY","3rd Period Exact Goals","xth-section-exact-goals","['3', 'sr:exact_goals:4+']","OPEN","True","False"
"71c5a9f1-f2a8-35d9-bcab-6b5bca2a75d0","2024-05-02T02:00:00Z","2024-05-02T04:09:50.903Z","ONGOING","ICE_HOCKEY","3rd Period Spread","xth-section-handicap","['3', '0', '1.5']","OPEN","True","False"
"2120eb2c-004a-38a1-b941-a5a9ef91e66b","2024-05-02T02:00:00Z","2024-05-02T04:09:50.903Z","ONGOING","ICE_HOCKEY","3rd Period Oilers To Record A Shutout","xth-section-home-clean-sheet","['3']","OPEN","False","False"
"f74a85e5-0405-3d0e-a45c-6bda5be5c54a","2024-05-02T02:00:00Z","2024-05-02T04:09:50.903Z","ONGOING","ICE_HOCKEY","3rd Period Oilers Total Goals","xth-section-home-total","['3', '1.5']","OPEN","True","False"
"e74f8502-2a82-3048-89fb-4eea33d0a5e1","2024-05-02T02:00:00Z","2024-05-02T04:09:50.903Z","ONGOING","ICE_HOCKEY","3rd Period Which Team Will Score","xth-section-which-team-to-score","['3']","OPEN","False","False"
"7d623bbc-2c04-3f5c-8d52-cb08d5ac0d58","2024-05-02T02:00:00Z","2024-05-02T04:09:50.903Z","ONGOING","ICE_HOCKEY","3rd Period 1st Goal","xth-section-xth-goal","['3', '1']","OPEN","True","False"
"5e0f2037-1dc8-3a25-b903-968a2e5bea54","2024-05-02T02:00:00Z","2024-05-02T04:10:37.257Z","ONGOING","TENNIS","Game Spread","game-handicap","['0', '4.5']","BLOCKED","False","False"
"a8c13ee6-cdd2-3ad6-9d3c-b94fe47c3d52","2024-05-02T02:00:00Z","2024-05-02T04:10:37.257Z","ONGOING","TENNIS","3rd Set 8th Game Winner","game-win","['3', '8']","BLOCKED","True","False"
"6aaec506-7aa2-300a-973c-7151b76ef4ec","2024-05-02T02:00:00Z","2024-05-02T04:10:37.257Z","ONGOING","TENNIS","Total Games","games-more-less-than","['29.5']","BLOCKED","True","False"
"11354281-8c3c-32ed-8fe2-0d2cea876fe3","2024-05-02T02:00:00Z","2024-05-02T04:10:37.257Z","ONGOING","TENNIS","Moneyline","standard","[]","BLOCKED","False","False"
"723ec69b-64ed-319b-a441-6314f2360466","2024-05-02T02:00:00Z","2024-05-02T04:10:37.257Z","ONGOING","TENNIS","Grey, Sarah Beth Total Games","team-points-more-less","['2', '12.5']","BLOCKED","False","False"
"b37f6344-179f-3df6-b733-52fc3c571271","2024-05-02T02:00:00Z","2024-05-02T04:10:37.257Z","ONGOING","TENNIS","Will There Be A Tie Break?","tie-break-in-match","[]","BLOCKED","False","False"
"fa55292e-bc3f-378a-bf2b-662243aac571","2024-05-02T02:00:00Z","2024-05-02T04:10:37.257Z","ONGOING","TENNIS","3rd Set Correct Score","xth-set-correct-score","['3']","BLOCKED","False","False"
"b4200dad-7b23-31d8-819c-e85a2449ecfd","2024-05-02T02:00:00Z","2024-05-02T04:10:37.257Z","ONGOING","TENNIS","Will There Be A Tiebreak In The 3rd Set?","xth-set-will-there-be-a-tiebreak","['3']","BLOCKED","False","False"
"1dd1a17e-c533-36b2-8b32-94b2868628d1","2024-05-02T02:00:00Z","2024-05-02T04:10:52.710Z","ONGOING","BASKETBALL","Spread","handicap","['23.5', '0']","OPEN","True","True"
"8bc9bf74-4067-38f9-8d43-2acf4b801224","2024-05-02T02:00:00Z","2024-05-02T04:10:52.710Z","ONGOING","BASKETBALL","Total Points","points-more-less-than","['200.5']","OPEN","True","True"
"126a720c-1c2d-3ce6-8ede-c9ac59d397c0","2024-05-02T02:00:00Z","2024-05-02T04:10:52.710Z","ONGOING","BASKETBALL","Scoring Type & Team Next Point (173rd)","scoring-type-xth-point-include-overtime","['173']","BLOCKED","False","False"
"ba88a4d6-4fa3-38e7-b857-25fddcaa3f2b","2024-05-02T02:00:00Z","2024-05-02T04:10:52.710Z","ONGOING","BASKETBALL","Scoring Type & Team Next Point (175th)","scoring-type-xth-point-include-overtime","['175']","OPEN","False","False"
"21b0055c-4ec3-3039-b5f6-493298d50cca","2024-05-02T02:00:00Z","2024-05-02T04:10:52.710Z","ONGOING","BASKETBALL","2nd Half Winner (incl. OT)","second-half-draw-no-bet-include-overtime","[]","OPEN","True","False"
"cd83ef89-29b4-3ec3-8f0c-bbc5610bb461","2024-05-02T02:00:00Z","2024-05-02T04:10:52.710Z","ONGOING","BASKETBALL","2nd Half Spread (incl. OT)","second-half-handicap-include-overtime","['13.5', '0']","OPEN","True","False"
"5332f94f-0bbf-314c-a0ee-4184aef605b8","2024-05-02T02:00:00Z","2024-05-02T04:10:52.710Z","ONGOING","BASKETBALL","2nd Half Winner (3 Way) No Push","second-half-standard-include-overtime","[]","OPEN","True","False"
"7f9cbb36-59eb-36ad-baf7-d086703d8155","2024-05-02T02:00:00Z","2024-05-02T04:10:52.710Z","ONGOING","BASKETBALL","2nd Half Total Points (incl. OT)","second-half-total-include-overtime","['98.5']","OPEN","True","False"
"94a56c6f-71b3-3ae5-9cc5-0577b980c331","2024-05-02T02:00:00Z","2024-05-02T04:10:52.710Z","ONGOING","BASKETBALL","4th Quarter Clippers Total Points","section-team-points-more-less","['4', '1', '19.5']","OPEN","True","False"
"99ac6f92-9b54-343e-8dcb-c3f88a99463b","2024-05-02T02:00:00Z","2024-05-02T04:10:52.710Z","ONGOING","BASKETBALL","4th Quarter Mavericks Total Points","section-team-points-more-less","['4', '2', '23.5']","OPEN","True","False"
"f81b68ec-466f-3b1b-ba93-4d371531a942","2024-05-02T02:00:00Z","2024-05-02T04:10:52.710Z","ONGOING","BASKETBALL","Moneyline","standard","[]","OPEN","False","True"
"4f32474c-75f9-37c2-bed9-b475f9543eee","2024-05-02T02:00:00Z","2024-05-02T04:10:52.710Z","ONGOING","BASKETBALL","Clippers Total Points ","team-points-more-less","['1', '88.5']","OPEN","True","True"
"b284a4cf-4f96-3fd5-99ad-6a824b008480","2024-05-02T02:00:00Z","2024-05-02T04:10:52.710Z","ONGOING","BASKETBALL","Mavericks Total Points ","team-points-more-less","['2', '112.5']","OPEN","True","True"
"9e84431a-40c8-37f4-97f2-d7934b00b53f","2024-05-02T02:00:00Z","2024-05-02T04:10:52.710Z","ONGOING","BASKETBALL","Winner & Total Points","totals-team-wins","['200.5']","OPEN","False","False"
"db31e9ee-8fbe-30fe-aecd-df823ffae3fb","2024-05-02T02:00:00Z","2024-05-02T04:10:52.710Z","ONGOING","BASKETBALL","Will Game Go To OT?","will-there-be-overtime","[]","OPEN","False","True"
"55e8457f-526a-33c7-a355-335c76b39b58","2024-05-02T02:00:00Z","2024-05-02T04:10:52.710Z","ONGOING","BASKETBALL","Winning Margin","winning-margin-include-overtime","['sr:winning_margin_no_draw:11+']","OPEN","False","False"
"549be80c-ea85-3991-9d9c-e21b306eadae","2024-05-02T02:00:00Z","2024-05-02T04:10:52.710Z","ONGOING","BASKETBALL","4th Quarter Race To 20th Point","xth-quarter-race-to-xth-points-with-three-outcomes","['4', '20']","OPEN","True","False"
"a2e02e5d-518b-30b5-82c1-a373248d043f","2024-05-02T02:15:00Z","2024-05-02T04:10:47.176Z","ONGOING","FOOTBALL","Moneyline","standard","[]","BLOCKED","False","True"
"cb32e1cf-e329-3f3d-9e4d-73359b85166c","2024-05-02T02:15:00Z","2024-05-02T04:10:55.105Z","ONGOING","TENNIS","3rd Set 4th Game To Deuce","deuce-in-game","['3', '4']","OPEN","False","False"
"ebbfa626-ec16-34a3-b795-55f43accc615","2024-05-02T02:15:00Z","2024-05-02T04:10:55.105Z","ONGOING","TENNIS","3rd Set 3rd Game 2nd Point Winner","exact-game-point-in-set","['3', '3', '2']","OPEN","True","False"
"f362be71-183a-3c03-a1b5-793fab677d9d","2024-05-02T02:15:00Z","2024-05-02T04:10:55.105Z","ONGOING","TENNIS","First 2 Points in 3rd Set 4th Game","first-game-points-in-set","['3', '4', '2']","OPEN","True","False"
"c2175cb5-6ab8-390f-b7c7-eba8699d6748","2024-05-02T02:15:00Z","2024-05-02T04:10:55.105Z","ONGOING","TENNIS","Game Spread","game-handicap","['0', '0.5']","OPEN","True","False"
"25d3dcb3-3029-3e9c-b923-733aef204021","2024-05-02T02:15:00Z","2024-05-02T04:10:55.105Z","ONGOING","TENNIS","3rd Set 3rd Game Winner","game-win","['3', '3']","OPEN","True","False"
"b776090e-62cf-381b-8ea1-43f96c9b144e","2024-05-02T02:15:00Z","2024-05-02T04:10:55.105Z","ONGOING","TENNIS","3rd Set 4th Game Winner","game-win","['3', '4']","OPEN","False","False"
"04abeed3-1e8f-30d6-aaee-542501453859","2024-05-02T02:15:00Z","2024-05-02T04:10:55.105Z","ONGOING","TENNIS","Total Games","games-more-less-than","['28.5']","OPEN","True","False"
"2fd95d24-da8a-3ef3-95bd-e470eb312073","2024-05-02T02:15:00Z","2024-05-02T04:10:55.105Z","ONGOING","TENNIS","3rd Set 4th Game Winner + Score","other-games-score","['3', '4']","OPEN","False","False"
"946196dc-990c-3f54-8794-ab336c95dbef","2024-05-02T02:15:00Z","2024-05-02T04:10:55.105Z","ONGOING","TENNIS","Moneyline","standard","[]","OPEN","True","False"
"fb01c7f4-4352-38e0-931c-e494e0e6d3cb","2024-05-02T02:15:00Z","2024-05-02T04:10:55.105Z","ONGOING","TENNIS","Lee, Ya-Hsuan Total Games","team-points-more-less","['1', '15.5']","OPEN","True","False"
"0207a073-5cdd-3071-b0d0-3b85277012bd","2024-05-02T02:15:00Z","2024-05-02T04:10:55.105Z","ONGOING","TENNIS","Kuramochi, Miho Total Games","team-points-more-less","['2', '14.5']","OPEN","True","False"
"1cc194e5-5e58-36d6-80d3-41cb245cd7bc","2024-05-02T02:15:00Z","2024-05-02T04:10:55.105Z","ONGOING","TENNIS","Will There Be A Tie Break?","tie-break-in-match","[]","OPEN","False","False"
"4910a5ff-2efa-3a76-9672-d4d29e50832b","2024-05-02T02:15:00Z","2024-05-02T04:10:55.105Z","ONGOING","TENNIS","3rd Set Correct Score","xth-set-correct-score","['3']","OPEN","False","False"
"9b3e80df-53fc-30cc-9d04-fb487d0bd25a","2024-05-02T02:15:00Z","2024-05-02T04:10:55.105Z","ONGOING","TENNIS","3rd Set 4th Game Exact Points","xth-set-game-x-exact-points","['3', '4']","OPEN","False","False"
"bc73d1cb-57b3-396e-9df1-e55ba82128e7","2024-05-02T02:15:00Z","2024-05-02T04:10:55.105Z","ONGOING","TENNIS","3rd Set 4 Game Race To 2nd Point","xth-set-game-x-race-to-x-points","['3', '4', '2']","OPEN","True","False"
"2c996df5-3421-33bd-8e97-79d4a539f96f","2024-05-02T02:15:00Z","2024-05-02T04:10:55.105Z","ONGOING","TENNIS","3rd Set Race To 2 Games","xth-set-race-to-x-games","['3', '2']","OPEN","False","False"
"9873eb50-cfe8-33b2-95ec-bbfeb4cb96c6","2024-05-02T02:15:00Z","2024-05-02T04:10:55.105Z","ONGOING","TENNIS","3rd Set Race To 3 Games","xth-set-race-to-x-games","['3', '3']","OPEN","False","False"
"1c2e63e6-1681-32c8-9017-739be6713516","2024-05-02T02:15:00Z","2024-05-02T04:10:55.105Z","ONGOING","TENNIS","3rd Set Race To 4 Games","xth-set-race-to-x-games","['3', '4']","OPEN","True","False"
"9c27cef2-c562-3086-8cb9-fb64b5edcd61","2024-05-02T02:15:00Z","2024-05-02T04:10:55.105Z","ONGOING","TENNIS","3rd Set Race To 5 Games","xth-set-race-to-x-games","['3', '5']","OPEN","False","False"
"29dd7134-1011-3598-9a31-587b9c21ff6b","2024-05-02T02:15:00Z","2024-05-02T04:10:55.105Z","ONGOING","TENNIS","Will There Be A Tiebreak In The 3rd Set?","xth-set-will-there-be-a-tiebreak","['3']","OPEN","False","False"
"7adbb393-36c9-318a-b675-0b86394febe6","2024-05-02T02:55:00Z","2024-05-02T04:10:40.238Z","ONGOING","TENNIS","Miyazaki, Yuriko Lily To Win A Set","away-to-win-a-set","[]","OPEN","False","False"
"80fbd638-c143-30b9-b4a9-769026db70a7","2024-05-02T02:55:00Z","2024-05-02T04:10:40.238Z","ONGOING","TENNIS","Miyazaki, Yuriko Lily To Win Exactly One Set","away-to-win-exactly-one-set","[]","OPEN","False","False"
"9e5a7731-e11f-387f-a47a-5ab1cdb87727","2024-05-02T02:55:00Z","2024-05-02T04:10:40.238Z","ONGOING","TENNIS","Miyazaki, Yuriko Lily To Win Exactly Two Sets","away-to-win-exactly-two-sets","[]","OPEN","False","False"
"161400ac-31ab-3f51-a999-7ed4e9489258","2024-05-02T02:55:00Z","2024-05-02T04:10:40.238Z","ONGOING","TENNIS","2nd Set 5th Game To Deuce","deuce-in-game","['2', '5']","OPEN","False","False"
"3436b0bc-3e63-3139-a532-f9cf30604cd2","2024-05-02T02:55:00Z","2024-05-02T04:10:40.238Z","ONGOING","TENNIS","2nd Set 5th Game 1st Point Winner","exact-game-point-in-set","['2', '5', '1']","OPEN","True","False"
"e7b7c263-3b66-39a9-84e0-95b5e75e4c79","2024-05-02T02:55:00Z","2024-05-02T04:10:40.238Z","ONGOING","TENNIS","First 2 Points in 2nd Set 5th Game","first-game-points-in-set","['2', '5', '2']","OPEN","True","False"
"d3c3f0d4-4857-3e5e-b545-c7eba3aa9c52","2024-05-02T02:55:00Z","2024-05-02T04:10:40.238Z","ONGOING","TENNIS","Game Spread","game-handicap","['0', '3.5']","OPEN","True","False"
"875f1570-de2b-33b5-b634-c31e57e9bdd6","2024-05-02T02:55:00Z","2024-05-02T04:10:40.238Z","ONGOING","TENNIS","2nd Set Game Spread ","game-handicap-in-set","['1.5', '0', '2']","OPEN","True","False"
"a10b3afc-5fab-39f8-b0fb-258c7be30356","2024-05-02T02:55:00Z","2024-05-02T04:10:40.238Z","ONGOING","TENNIS","2nd Set 5th Game Winner","game-win","['2', '5']","OPEN","True","False"
"5b79448a-f5ef-392d-b8a3-b58f5ae587ee","2024-05-02T02:55:00Z","2024-05-02T04:10:40.238Z","ONGOING","TENNIS","Total Games","games-more-less-than","['24.5']","OPEN","True","False"
"6fd1b0b5-fa68-3f1a-a353-d62079f0bb9c","2024-05-02T02:55:00Z","2024-05-02T04:10:40.238Z","ONGOING","TENNIS","Set Spread ","handicap","['0', '1.5']","OPEN","True","False"
"3467fa1e-df84-3726-8cea-06960cded6a9","2024-05-02T02:55:00Z","2024-05-02T04:10:40.238Z","ONGOING","TENNIS","Jang, Su Jeong To Win Exactly One Set","home-to-win-exactly-one-set","[]","OPEN","False","False"
"7c53fdda-1868-3411-b7ef-f948ecf007f2","2024-05-02T02:55:00Z","2024-05-02T04:10:40.238Z","ONGOING","TENNIS","Jang, Su Jeong To Win Exactly Two Sets","home-to-win-exactly-two-sets","[]","OPEN","False","False"
"96186652-21e9-3968-938d-f1dd53d3eecf","2024-05-02T02:55:00Z","2024-05-02T04:10:40.238Z","ONGOING","TENNIS","2nd Set 5th Game Winner + Score","other-games-score","['2', '5']","OPEN","False","False"
"a232a923-869b-3cf9-b046-cc98d7c5477b","2024-05-02T02:55:00Z","2024-05-02T04:10:40.238Z","ONGOING","TENNIS","Correct Set Score","point-bet-2sets","[]","OPEN","False","False"
"ec49c62d-6993-3ca0-b2e6-17eae5159ae5","2024-05-02T02:55:00Z","2024-05-02T04:10:40.238Z","ONGOING","TENNIS","Total Sets","points-more-less-than","['2.5']","OPEN","True","False"
"c8279050-c6b4-3858-8385-2b017de1f6da","2024-05-02T02:55:00Z","2024-05-02T04:10:40.238Z","ONGOING","TENNIS","2nd Set Total Games","section-games-more-less","['2', '9.5']","OPEN","True","False"
"5508183b-c7b7-3131-9046-8b402b4385fe","2024-05-02T02:55:00Z","2024-05-02T04:10:40.238Z","ONGOING","TENNIS","2nd Set Winner","section-win","['2']","OPEN","True","False"
"d0bdef92-261c-3079-9cd2-0f1481fa59c5","2024-05-02T02:55:00Z","2024-05-02T04:10:40.238Z","ONGOING","TENNIS","Moneyline","standard","[]","OPEN","True","False"
"f1ad6d5a-9434-363b-a15f-aefd7b8784d4","2024-05-02T02:55:00Z","2024-05-02T04:10:40.238Z","ONGOING","TENNIS","Jang, Su Jeong Total Games","team-points-more-less","['1', '12.5']","OPEN","True","False"
"f635af94-b03b-3506-bf31-d15a242bd828","2024-05-02T02:55:00Z","2024-05-02T04:10:40.238Z","ONGOING","TENNIS","Miyazaki, Yuriko Lily Total Games","team-points-more-less","['2', '10.5']","OPEN","True","False"
"37a0e68a-349d-3797-b35c-46dc951c28bb","2024-05-02T02:55:00Z","2024-05-02T04:10:40.238Z","ONGOING","TENNIS","Will There Be A Tie Break?","tie-break-in-match","[]","OPEN","False","False"
"d30fed82-d1f8-38bd-be9e-247407c07923","2024-05-02T02:55:00Z","2024-05-02T04:10:40.238Z","ONGOING","TENNIS","Match Winner & Total Games ","winner-and-total","['24.5']","OPEN","False","False"
"4dc0b47d-de07-35b6-b1b3-b8bdcc77ab9d","2024-05-02T02:55:00Z","2024-05-02T04:10:40.238Z","ONGOING","TENNIS","2nd Set Correct Score","xth-set-correct-score","['2']","OPEN","False","False"
"efdea61b-0944-3b50-9364-0cb965160df8","2024-05-02T02:55:00Z","2024-05-02T04:10:40.238Z","ONGOING","TENNIS","2nd Set 5th Game Exact Points","xth-set-game-x-exact-points","['2', '5']","OPEN","False","False"
"af622704-02cb-3cbb-9972-c1ba2ebc6adc","2024-05-02T02:55:00Z","2024-05-02T04:10:40.238Z","ONGOING","TENNIS","2nd Set 5 Game Race To 2nd Point","xth-set-game-x-race-to-x-points","['2', '5', '2']","OPEN","True","False"
"5cae6216-e746-376d-b96f-2d89dc1fd786","2024-05-02T02:55:00Z","2024-05-02T04:10:40.238Z","ONGOING","TENNIS","2nd Set Race To 4 Games","xth-set-race-to-x-games","['2', '4']","OPEN","False","False"
"9dfc740b-b525-3728-b2ad-0121a8b1552c","2024-05-02T02:55:00Z","2024-05-02T04:10:40.238Z","ONGOING","TENNIS","2nd Set Race To 5 Games","xth-set-race-to-x-games","['2', '5']","OPEN","True","False"
"edd48b64-b417-3314-8f3a-eb53c0ed0a05","2024-05-02T02:55:00Z","2024-05-02T04:10:40.238Z","ONGOING","TENNIS","Will There Be A Tiebreak In The 2nd Set?","xth-set-will-there-be-a-tiebreak","['2']","OPEN","False","False"
"acf1f66a-4c0b-3e55-84bc-4ddf00571da4","2024-05-02T03:00:00Z","2024-05-02T04:10:41.136Z","ONGOING","TENNIS","Cressy, Maxime To Win A Set","away-to-win-a-set","[]","BLOCKED","False","False"
"bc5600ac-f973-3fbd-a43c-a5e5b4c2a4d2","2024-05-02T03:00:00Z","2024-05-02T04:10:41.136Z","ONGOING","TENNIS","2nd Set 5th Game 2nd Point Winner","exact-game-point-in-set","['2', '5', '2']","OPEN","False","False"
"6d3875db-a161-32b3-8c22-58873808d880","2024-05-02T03:00:00Z","2024-05-02T04:10:41.136Z","ONGOING","TENNIS","2nd Set 5th Game 3rd Point Winner","exact-game-point-in-set","['2', '5', '3']","OPEN","False","False"
"654f77e9-2cdd-3fe5-9a6e-1b3859ae265d","2024-05-02T03:00:00Z","2024-05-02T04:10:41.136Z","ONGOING","TENNIS","2nd Set 5th Game 4th Point Winner","exact-game-point-in-set","['2', '5', '4']","OPEN","True","False"
"7763e93a-aa48-37ee-a1cd-1681795d82f3","2024-05-02T03:00:00Z","2024-05-02T04:10:41.136Z","ONGOING","TENNIS","Game Spread","game-handicap","['0', '0.5']","BLOCKED","False","False"
"5281ab84-9587-37d4-a0e3-52fff4783a41","2024-05-02T03:00:00Z","2024-05-02T04:10:41.136Z","ONGOING","TENNIS","Game Spread","game-handicap","['0.5', '0']","BLOCKED","False","False"
"b7aea9c2-fd01-3a96-9445-51938ae97008","2024-05-02T03:00:00Z","2024-05-02T04:10:41.136Z","ONGOING","TENNIS","Game Spread","game-handicap","['1.5', '0']","OPEN","True","False"
"6d4fd77d-fd3a-32cf-a4c8-dcbc9c40d200","2024-05-02T03:00:00Z","2024-05-02T04:10:41.136Z","ONGOING","TENNIS","Game Spread","game-handicap","['2.5', '0']","BLOCKED","False","False"
"1de70f47-a671-3024-a1d1-ae07b4e533be","2024-05-02T03:00:00Z","2024-05-02T04:10:41.136Z","ONGOING","TENNIS","2nd Set Game Spread ","game-handicap-in-set","['0', '2.5', '2']","OPEN","True","False"
"6eb4c2ed-7fb8-3121-b29f-618e652bc9c7","2024-05-02T03:00:00Z","2024-05-02T04:10:41.136Z","ONGOING","TENNIS","1st Set Game Spread ","game-handicap-in-set","['0', '0.5', '1']","BLOCKED","True","False"
"dc742dff-41e6-3d35-96b8-e3cc99815ca3","2024-05-02T03:00:00Z","2024-05-02T04:10:41.136Z","ONGOING","TENNIS","2nd Set 5th Game Winner","game-win","['2', '5']","OPEN","True","False"
"f73d6e49-ccb9-37b0-8e78-471157950203","2024-05-02T03:00:00Z","2024-05-02T04:10:41.136Z","ONGOING","TENNIS","Total Games","games-more-less-than","['24.5']","BLOCKED","False","False"
"f1527227-988b-34e5-a695-5098ea908cb3","2024-05-02T03:00:00Z","2024-05-02T04:10:41.136Z","ONGOING","TENNIS","Total Games","games-more-less-than","['27.5']","OPEN","True","False"
"0324f4d7-67ac-35a4-b3d6-85100b2477f3","2024-05-02T03:00:00Z","2024-05-02T04:10:41.136Z","ONGOING","TENNIS","Lajal, Mark To Win A Set","home-to-win-a-set","[]","OPEN","False","False"
"847ae54c-9d7c-303e-980e-f11839716b87","2024-05-02T03:00:00Z","2024-05-02T04:10:41.136Z","ONGOING","TENNIS","Total Sets","points-more-less-than","['2.5']","OPEN","True","False"
"6c7620b9-363b-3987-a691-551e97d79071","2024-05-02T03:00:00Z","2024-05-02T04:10:41.136Z","ONGOING","TENNIS","1st Set Total Games","section-games-more-less","['1', '10.5']","BLOCKED","True","False"
"62f3c13b-263e-3fae-a19d-6125dcdc5523","2024-05-02T03:00:00Z","2024-05-02T04:10:41.136Z","ONGOING","TENNIS","1st Set Total Games","section-games-more-less","['1', '12.5']","BLOCKED","False","False"
"5eadcae2-249a-34d2-ae65-668399dc5a24","2024-05-02T03:00:00Z","2024-05-02T04:10:41.136Z","ONGOING","TENNIS","2nd Set Total Games","section-games-more-less","['2', '9.5']","OPEN","True","False"
"17057088-e7f1-38d3-b219-3262e2ad468d","2024-05-02T03:00:00Z","2024-05-02T04:10:41.136Z","ONGOING","TENNIS","2nd Set Winner","section-win","['2']","OPEN","True","False"
"2e33722c-aa17-32e1-ba93-d30ac546210a","2024-05-02T03:00:00Z","2024-05-02T04:10:41.136Z","ONGOING","TENNIS","Moneyline","standard","[]","OPEN","True","False"
"a55b63fc-026e-34a0-94e4-c61baacf9b1c","2024-05-02T03:00:00Z","2024-05-02T04:10:41.136Z","ONGOING","TENNIS","3rd Set Correct Score","xth-set-correct-score","['3']","OPEN","False","False"
"def119af-1776-3007-8aed-46b1d49087b8","2024-05-02T03:20:00Z","2024-05-02T04:10:52.836Z","ONGOING","TENNIS","Okamura K / Shimizu A To Win Exactly One Set","away-to-win-exactly-one-set","[]","OPEN","False","False"
"3b34bcb4-160a-30b8-a1e6-a682d72ce259","2024-05-02T03:20:00Z","2024-05-02T04:10:52.836Z","ONGOING","TENNIS","Okamura K / Shimizu A To Win Exactly Two Sets","away-to-win-exactly-two-sets","[]","OPEN","False","False"
"a0f930cc-8482-302e-8790-74dfeb9ab560","2024-05-02T03:20:00Z","2024-05-02T04:10:52.836Z","ONGOING","TENNIS","2nd Set 4th Game To Deuce","deuce-in-game","['2', '4']","OPEN","False","False"
"09f75283-0c94-3ed3-8a5a-19fdd8e955ce","2024-05-02T03:20:00Z","2024-05-02T04:10:52.836Z","ONGOING","TENNIS","2nd Set 3rd Game 2nd Point Winner","exact-game-point-in-set","['2', '3', '2']","OPEN","True","False"
"54bd8732-5cde-3789-90ad-4dc111eb3173","2024-05-02T03:20:00Z","2024-05-02T04:10:52.836Z","ONGOING","TENNIS","First 2 Points in 2nd Set 4th Game","first-game-points-in-set","['2', '4', '2']","OPEN","True","False"
"ccd50cb9-d688-3f58-baee-e619a1331045","2024-05-02T03:20:00Z","2024-05-02T04:10:52.836Z","ONGOING","TENNIS","2nd Set Game Spread ","game-handicap-in-set","['1.5', '0', '2']","OPEN","True","False"
"49543e4c-f142-39c2-80e8-c9cd5ed9fac0","2024-05-02T03:20:00Z","2024-05-02T04:10:52.836Z","ONGOING","TENNIS","2nd Set 3rd Game Winner","game-win","['2', '3']","OPEN","True","False"
"52ce41a0-0ba1-3437-af20-63466f72bde8","2024-05-02T03:20:00Z","2024-05-02T04:10:52.836Z","ONGOING","TENNIS","2nd Set 4th Game Winner","game-win","['2', '4']","OPEN","False","False"
"d2742072-3163-3210-841b-f7b987262169","2024-05-02T03:20:00Z","2024-05-02T04:10:52.836Z","ONGOING","TENNIS","Total Games","games-more-less-than","['19.5']","OPEN","True","False"
"e077d1c2-6cd7-31c6-bbe3-0ae95614758e","2024-05-02T03:20:00Z","2024-05-02T04:10:52.836Z","ONGOING","TENNIS","Set Spread ","handicap","['1.5', '0']","OPEN","True","False"
"bae188cd-36a3-317d-816e-381429ac4c33","2024-05-02T03:20:00Z","2024-05-02T04:10:52.836Z","ONGOING","TENNIS","Fung S / Hewitt D To Win A Set","home-to-win-a-set","[]","OPEN","False","False"
"39bf5300-1f5e-37f8-a49b-f3f3fae55fd2","2024-05-02T03:20:00Z","2024-05-02T04:10:52.836Z","ONGOING","TENNIS","Fung S / Hewitt D To Win Exactly One Set","home-to-win-exactly-one-set","[]","OPEN","False","False"
"70401298-1c39-3dd5-9bdc-27fb31c3307b","2024-05-02T03:20:00Z","2024-05-02T04:10:52.836Z","ONGOING","TENNIS","Fung S / Hewitt D To Win Exactly Two Sets","home-to-win-exactly-two-sets","[]","OPEN","False","False"
"bd529fdb-97aa-3bb7-8b50-30c934b316b8","2024-05-02T03:20:00Z","2024-05-02T04:10:52.836Z","ONGOING","TENNIS","2nd Set 4th Game Winner + Score","other-games-score","['2', '4']","OPEN","False","False"
"c0b48e7c-bdd9-3c92-9e10-cc767828bc41","2024-05-02T03:20:00Z","2024-05-02T04:10:52.836Z","ONGOING","TENNIS","Correct Set Score","point-bet-2sets","[]","OPEN","False","False"
"293cabbd-a778-3844-b785-760d3315b245","2024-05-02T03:20:00Z","2024-05-02T04:10:52.836Z","ONGOING","TENNIS","Total Sets","points-more-less-than","['2.5']","OPEN","True","False"
"ac6d40fa-0397-31a2-9030-834b4c967089","2024-05-02T03:20:00Z","2024-05-02T04:10:52.836Z","ONGOING","TENNIS","2nd Set Total Games","section-games-more-less","['2', '9.5']","OPEN","True","False"
"231d057b-e1d4-3259-9d05-cefcfc476dbd","2024-05-02T03:20:00Z","2024-05-02T04:10:52.836Z","ONGOING","TENNIS","2nd Set Winner","section-win","['2']","OPEN","True","False"
"1b20793f-f1b2-334f-80cb-980c2e8eec99","2024-05-02T03:20:00Z","2024-05-02T04:10:52.836Z","ONGOING","TENNIS","Moneyline","standard","[]","OPEN","True","False"
"84a0a816-e031-3662-9aa8-085c9f1da442","2024-05-02T03:20:00Z","2024-05-02T04:10:52.836Z","ONGOING","TENNIS","Match Winner & Total Games ","winner-and-total","['19.5']","OPEN","False","False"
"493f8614-9fd7-3544-820c-d494190f5c89","2024-05-02T03:20:00Z","2024-05-02T04:10:52.836Z","ONGOING","TENNIS","2nd Set Correct Score","xth-set-correct-score","['2']","OPEN","False","False"
"2617b3dc-5e19-3235-8627-20eec6c323e9","2024-05-02T03:20:00Z","2024-05-02T04:10:52.836Z","ONGOING","TENNIS","2nd Set 4th Game Exact Points","xth-set-game-x-exact-points","['2', '4']","OPEN","False","False"
"0e0afed0-ceb4-330a-92d1-ff5181825de1","2024-05-02T03:20:00Z","2024-05-02T04:10:52.836Z","ONGOING","TENNIS","2nd Set 4 Game Race To 2nd Point","xth-set-game-x-race-to-x-points","['2', '4', '2']","OPEN","True","False"
"d9572d8e-4ecd-3d57-9946-d2f705cab88e","2024-05-02T03:20:00Z","2024-05-02T04:10:52.836Z","ONGOING","TENNIS","2nd Set Race To 3 Games","xth-set-race-to-x-games","['2', '3']","OPEN","True","False"
"4eabcaa7-4b76-365d-a8df-49fb1938d7e6","2024-05-02T03:20:00Z","2024-05-02T04:10:52.836Z","ONGOING","TENNIS","2nd Set Race To 4 Games","xth-set-race-to-x-games","['2', '4']","OPEN","False","False"
"3e60a50b-b9d8-364b-b661-02ecc7e365ec","2024-05-02T03:20:00Z","2024-05-02T04:10:52.836Z","ONGOING","TENNIS","2nd Set Race To 5 Games","xth-set-race-to-x-games","['2', '5']","OPEN","False","False"
"2c94a3bb-739c-3e74-9497-cbd8809d0821","2024-05-02T03:20:00Z","2024-05-02T04:10:52.836Z","ONGOING","TENNIS","Will There Be A Tiebreak In The 2nd Set?","xth-set-will-there-be-a-tiebreak","['2']","OPEN","False","False"
"0e02af91-a98d-37c0-ac53-874a1eab820c","2024-05-02T03:50:00Z","2024-05-02T04:05:46.563Z","ONGOING","GOLF","Hole 4 Bai, Zheng-Kai vs. De Jager, Louis","hole-x-2-ball-1x2","['4', 'Bai, Zheng-Kai', 'De Jager, Louis']","OPEN","False","False"
"89453a77-b70e-37db-a467-4516fafb7e71","2024-05-02T03:50:00Z","2024-05-02T04:05:46.563Z","ONGOING","GOLF","Hole 4 Bai, Zheng-Kai vs. Wiesberger, Bernd","hole-x-2-ball-1x2","['4', 'Bai, Zheng-Kai', 'Wiesberger, Bernd']","OPEN","False","False"
"68f1bd98-99e7-3e56-a780-a73df2b7e03c","2024-05-02T03:50:00Z","2024-05-02T04:05:46.563Z","ONGOING","GOLF","Hole 4 Wiesberger, Bernd vs. De Jager, Louis","hole-x-2-ball-1x2","['4', 'Wiesberger, Bernd', 'De Jager, Louis']","OPEN","True","False"
"4cdacc2e-482f-3f4b-be28-d7f189215b1f","2024-05-02T03:50:00Z","2024-05-02T04:05:46.563Z","ONGOING","GOLF","Hole 4 Winner","hole-x-3-ball","['4']","OPEN","False","False"
"ce2d1887-8905-3bb1-9911-8d3c4b954710","2024-05-02T03:50:00Z","2024-05-02T04:05:46.563Z","ONGOING","GOLF","Holes 4-6 Bai, Zheng-Kai vs. De Jager, Louis Most Birdies","holes-a-to-b-2-ball-1x2-most-birdies","['4', '6', 'Bai, Zheng-Kai', 'De Jager, Louis']","OPEN","False","False"
"fbd56d92-f52e-3d11-bdd5-605425f730a8","2024-05-02T03:50:00Z","2024-05-02T04:05:46.563Z","ONGOING","GOLF","Holes 4-6 Bai, Zheng-Kai vs. Wiesberger, Bernd Most Birdies","holes-a-to-b-2-ball-1x2-most-birdies","['4', '6', 'Bai, Zheng-Kai', 'Wiesberger, Bernd']","OPEN","False","False"
"859a94ba-7bbf-3cc6-aa02-9ade365b9644","2024-05-02T03:50:00Z","2024-05-02T04:05:46.563Z","ONGOING","GOLF","Holes 4-6 Wiesberger, Bernd vs. De Jager, Louis Most Birdies","holes-a-to-b-2-ball-1x2-most-birdies","['4', '6', 'Wiesberger, Bernd', 'De Jager, Louis']","OPEN","True","False"
"41258ed4-8f00-3d88-96a2-748f980d2797","2024-05-02T03:50:00Z","2024-05-02T04:05:46.563Z","ONGOING","GOLF","Holes 4-6 Bai, Zheng-Kai vs. De Jager, Louis Most Bogeys","holes-a-to-b-2-ball-1x2-most-bogeys","['4', '6', 'Bai, Zheng-Kai', 'De Jager, Louis']","OPEN","False","False"
"ce125c1a-bdab-376f-8628-90c8534deda0","2024-05-02T03:50:00Z","2024-05-02T04:05:46.563Z","ONGOING","GOLF","Holes 4-6 Bai, Zheng-Kai vs. Wiesberger, Bernd Most Bogeys","holes-a-to-b-2-ball-1x2-most-bogeys","['4', '6', 'Bai, Zheng-Kai', 'Wiesberger, Bernd']","OPEN","False","False"
"9cb82edb-80d8-38b1-9acf-c0084b297a9b","2024-05-02T03:50:00Z","2024-05-02T04:05:46.563Z","ONGOING","GOLF","Holes 4-6 Wiesberger, Bernd vs. De Jager, Louis Most Bogeys","holes-a-to-b-2-ball-1x2-most-bogeys","['4', '6', 'Wiesberger, Bernd', 'De Jager, Louis']","OPEN","True","False"
"b03f3632-77c7-3ed3-b8b2-18cb134c56e5","2024-05-02T03:50:00Z","2024-05-02T04:05:46.563Z","ONGOING","GOLF","Holes 4-6 Bai, Zheng-Kai vs. De Jager, Louis Most Pars","holes-a-to-b-2-ball-1x2-most-pars","['4', '6', 'Bai, Zheng-Kai', 'De Jager, Louis']","OPEN","True","False"
"1b91cac2-f5eb-3650-9d9a-078bd90ade55","2024-05-02T03:50:00Z","2024-05-02T04:05:46.563Z","ONGOING","GOLF","Holes 4-6 Bai, Zheng-Kai vs. Wiesberger, Bernd Most Pars","holes-a-to-b-2-ball-1x2-most-pars","['4', '6', 'Bai, Zheng-Kai', 'Wiesberger, Bernd']","OPEN","False","False"
"61f2a6c7-6382-3577-aa02-6c59b46da8da","2024-05-02T03:50:00Z","2024-05-02T04:05:46.563Z","ONGOING","GOLF","Holes 4-6 Wiesberger, Bernd vs. De Jager, Louis Most Pars","holes-a-to-b-2-ball-1x2-most-pars","['4', '6', 'Wiesberger, Bernd', 'De Jager, Louis']","OPEN","False","False"
"3a86ec2d-c9ee-37ec-9599-d0bcfa81dd9f","2024-05-02T03:50:00Z","2024-05-02T04:05:46.563Z","ONGOING","GOLF","Holes 4-6 Winner","holes-a-to-b-3-ball","['4', '6']","OPEN","False","False"
"4821b5a3-d4e6-385c-80c3-45eb453ceb6e","2024-05-02T03:50:00Z","2024-05-02T04:05:46.563Z","ONGOING","GOLF","Holes 4-6 Most Birdies","holes-a-to-b-3-ball-most-birdies","['4', '6']","OPEN","False","False"
"69a57333-86f7-3223-ab55-3035f3075ac5","2024-05-02T03:50:00Z","2024-05-02T04:05:46.563Z","ONGOING","GOLF","Holes 4-6 Most Pars","holes-a-to-b-3-ball-most-pars","['4', '6']","OPEN","False","False"
